,#,Name,Type,Total,HP,Attack,Defense,Special_Atk,Special_Def,Speed,Update_Time
0,001,Bulbasaur,Grass_Poison,318,45,49,49,65,65,45,2020-12-23 00:49:36.556996
1,002,Ivysaur,Grass_Poison,405,60,62,63,80,80,60,2020-12-23 00:49:36.556996
2,003,Venusaur,Grass_Poison,525,80,82,83,100,100,80,2020-12-23 00:49:36.556996
3,004,Charmander,Fire,309,39,52,43,60,50,65,2020-12-23 00:49:36.556996
4,005,Charmeleon,Fire,405,58,64,58,80,65,80,2020-12-23 00:49:36.556996
5,006,Charizard,Fire_Flying,534,78,84,78,109,85,100,2020-12-23 00:49:36.556996
6,007,Squirtle,Water,314,44,48,65,50,64,43,2020-12-23 00:49:36.556996
7,008,Wartortle,Water,405,59,63,80,65,80,58,2020-12-23 00:49:36.556996
8,009,Blastoise,Water,530,79,83,100,85,105,78,2020-12-23 00:49:36.556996
9,010,Caterpie,Bug,195,45,30,35,20,20,45,2020-12-23 00:49:36.556996
10,011,Metapod,Bug,205,50,20,55,25,25,30,2020-12-23 00:49:36.556996
11,012,Butterfree,Bug_Flying,395,60,45,50,90,80,70,2020-12-23 00:49:36.556996
12,013,Weedle,Bug_Poison,195,40,35,30,20,20,50,2020-12-23 00:49:36.556996
13,014,Kakuna,Bug_Poison,205,45,25,50,25,25,35,2020-12-23 00:49:36.556996
14,015,Beedrill,Bug_Poison,395,65,90,40,45,80,75,2020-12-23 00:49:36.556996
15,016,Pidgey,Normal_Flying,251,40,45,40,35,35,56,2020-12-23 00:49:36.556996
16,017,Pidgeotto,Normal_Flying,349,63,60,55,50,50,71,2020-12-23 00:49:36.556996
17,018,Pidgeot,Normal_Flying,479,83,80,75,70,70,101,2020-12-23 00:49:36.556996
18,019,Rattata,Normal,253,30,56,35,25,35,72,2020-12-23 00:49:36.556996
19,020,Raticate,Normal,413,55,81,60,50,70,97,2020-12-23 00:49:36.556996
20,021,Spearow,Normal_Flying,262,40,60,30,31,31,70,2020-12-23 00:49:36.556996
21,022,Fearow,Normal_Flying,442,65,90,65,61,61,100,2020-12-23 00:49:36.556996
22,023,Ekans,Poison,288,35,60,44,40,54,55,2020-12-23 00:49:36.556996
23,024,Arbok,Poison,448,60,95,69,65,79,80,2020-12-23 00:49:36.556996
24,025,Pikachu,Electric,320,35,55,40,50,50,90,2020-12-23 00:49:36.556996
25,026,Raichu,Electric,485,60,90,55,90,80,110,2020-12-23 00:49:36.556996
26,027,Sandshrew,Ground,300,50,75,85,20,30,40,2020-12-23 00:49:36.556996
27,028,Sandslash,Ground,450,75,100,110,45,55,65,2020-12-23 00:49:36.556996
28,029,Nidoran♀,Poison,275,55,47,52,40,40,41,2020-12-23 00:49:36.556996
29,030,Nidorina,Poison,365,70,62,67,55,55,56,2020-12-23 00:49:36.556996
30,031,Nidoqueen,Poison_Ground,505,90,92,87,75,85,76,2020-12-23 00:49:36.556996
31,032,Nidoran♂,Poison,273,46,57,40,40,40,50,2020-12-23 00:49:36.556996
32,033,Nidorino,Poison,365,61,72,57,55,55,65,2020-12-23 00:49:36.556996
33,034,Nidoking,Poison_Ground,505,81,102,77,85,75,85,2020-12-23 00:49:36.556996
34,035,Clefairy,Fairy,323,70,45,48,60,65,35,2020-12-23 00:49:36.556996
35,036,Clefable,Fairy,483,95,70,73,95,90,60,2020-12-23 00:49:36.556996
36,037,Vulpix,Fire,299,38,41,40,50,65,65,2020-12-23 00:49:36.556996
37,038,Ninetales,Fire,505,73,76,75,81,100,100,2020-12-23 00:49:36.556996
38,039,Jigglypuff,Normal_Fairy,270,115,45,20,45,25,20,2020-12-23 00:49:36.556996
39,040,Wigglytuff,Normal_Fairy,435,140,70,45,85,50,45,2020-12-23 00:49:36.556996
40,041,Zubat,Poison_Flying,245,40,45,35,30,40,55,2020-12-23 00:49:36.556996
41,042,Golbat,Poison_Flying,455,75,80,70,65,75,90,2020-12-23 00:49:36.556996
42,043,Oddish,Grass_Poison,320,45,50,55,75,65,30,2020-12-23 00:49:36.556996
43,044,Gloom,Grass_Poison,395,60,65,70,85,75,40,2020-12-23 00:49:36.556996
44,045,Vileplume,Grass_Poison,490,75,80,85,110,90,50,2020-12-23 00:49:36.556996
45,046,Paras,Bug_Grass,285,35,70,55,45,55,25,2020-12-23 00:49:36.556996
46,047,Parasect,Bug_Grass,405,60,95,80,60,80,30,2020-12-23 00:49:36.556996
47,048,Venonat,Bug_Poison,305,60,55,50,40,55,45,2020-12-23 00:49:36.556996
48,049,Venomoth,Bug_Poison,450,70,65,60,90,75,90,2020-12-23 00:49:36.556996
49,050,Diglett,Ground,265,10,55,25,35,45,95,2020-12-23 00:49:36.556996
50,051,Dugtrio,Ground,425,35,100,50,50,70,120,2020-12-23 00:49:36.556996
51,052,Meowth,Normal,290,40,45,35,40,40,90,2020-12-23 00:49:36.556996
52,053,Persian,Normal,440,65,70,60,65,65,115,2020-12-23 00:49:36.556996
53,054,Psyduck,Water,320,50,52,48,65,50,55,2020-12-23 00:49:36.556996
54,055,Golduck,Water,500,80,82,78,95,80,85,2020-12-23 00:49:36.556996
55,056,Mankey,Fighting,305,40,80,35,35,45,70,2020-12-23 00:49:36.556996
56,057,Primeape,Fighting,455,65,105,60,60,70,95,2020-12-23 00:49:36.556996
57,058,Growlithe,Fire,350,55,70,45,70,50,60,2020-12-23 00:49:36.556996
58,059,Arcanine,Fire,555,90,110,80,100,80,95,2020-12-23 00:49:36.556996
59,060,Poliwag,Water,300,40,50,40,40,40,90,2020-12-23 00:49:36.556996
60,061,Poliwhirl,Water,385,65,65,65,50,50,90,2020-12-23 00:49:36.556996
61,062,Poliwrath,Water_Fighting,510,90,95,95,70,90,70,2020-12-23 00:49:36.556996
62,063,Abra,Psychic,310,25,20,15,105,55,90,2020-12-23 00:49:36.556996
63,064,Kadabra,Psychic,400,40,35,30,120,70,105,2020-12-23 00:49:36.556996
64,065,Alakazam,Psychic,500,55,50,45,135,95,120,2020-12-23 00:49:36.556996
65,066,Machop,Fighting,305,70,80,50,35,35,35,2020-12-23 00:49:36.556996
66,067,Machoke,Fighting,405,80,100,70,50,60,45,2020-12-23 00:49:36.556996
67,068,Machamp,Fighting,505,90,130,80,65,85,55,2020-12-23 00:49:36.556996
68,069,Bellsprout,Grass_Poison,300,50,75,35,70,30,40,2020-12-23 00:49:36.556996
69,070,Weepinbell,Grass_Poison,390,65,90,50,85,45,55,2020-12-23 00:49:36.556996
70,071,Victreebel,Grass_Poison,490,80,105,65,100,70,70,2020-12-23 00:49:36.556996
71,072,Tentacool,Water_Poison,335,40,40,35,50,100,70,2020-12-23 00:49:36.556996
72,073,Tentacruel,Water_Poison,515,80,70,65,80,120,100,2020-12-23 00:49:36.556996
73,074,Geodude,Rock_Ground,300,40,80,100,30,30,20,2020-12-23 00:49:36.556996
74,075,Graveler,Rock_Ground,390,55,95,115,45,45,35,2020-12-23 00:49:36.556996
75,076,Golem,Rock_Ground,495,80,120,130,55,65,45,2020-12-23 00:49:36.556996
76,077,Ponyta,Fire,410,50,85,55,65,65,90,2020-12-23 00:49:36.556996
77,078,Rapidash,Fire,500,65,100,70,80,80,105,2020-12-23 00:49:36.556996
78,079,Slowpoke,Water_Psychic,315,90,65,65,40,40,15,2020-12-23 00:49:36.556996
79,080,Slowbro,Water_Psychic,490,95,75,110,100,80,30,2020-12-23 00:49:36.556996
80,081,Magnemite,Electric_Steel,325,25,35,70,95,55,45,2020-12-23 00:49:36.556996
81,082,Magneton,Electric_Steel,465,50,60,95,120,70,70,2020-12-23 00:49:36.556996
82,083,Farfetch'd,Normal_Flying,377,52,90,55,58,62,60,2020-12-23 00:49:36.556996
83,084,Doduo,Normal_Flying,310,35,85,45,35,35,75,2020-12-23 00:49:36.556996
84,085,Dodrio,Normal_Flying,470,60,110,70,60,60,110,2020-12-23 00:49:36.556996
85,086,Seel,Water,325,65,45,55,45,70,45,2020-12-23 00:49:36.556996
86,087,Dewgong,Water_Ice,475,90,70,80,70,95,70,2020-12-23 00:49:36.556996
87,088,Grimer,Poison,325,80,80,50,40,50,25,2020-12-23 00:49:36.556996
88,089,Muk,Poison,500,105,105,75,65,100,50,2020-12-23 00:49:36.556996
89,090,Shellder,Water,305,30,65,100,45,25,40,2020-12-23 00:49:36.556996
90,091,Cloyster,Water_Ice,525,50,95,180,85,45,70,2020-12-23 00:49:36.556996
91,092,Gastly,Ghost_Poison,310,30,35,30,100,35,80,2020-12-23 00:49:36.556996
92,093,Haunter,Ghost_Poison,405,45,50,45,115,55,95,2020-12-23 00:49:36.556996
93,094,Gengar,Ghost_Poison,500,60,65,60,130,75,110,2020-12-23 00:49:36.556996
94,095,Onix,Rock_Ground,385,35,45,160,30,45,70,2020-12-23 00:49:36.556996
95,096,Drowzee,Psychic,328,60,48,45,43,90,42,2020-12-23 00:49:36.556996
96,097,Hypno,Psychic,483,85,73,70,73,115,67,2020-12-23 00:49:36.556996
97,098,Krabby,Water,325,30,105,90,25,25,50,2020-12-23 00:49:36.556996
98,099,Kingler,Water,475,55,130,115,50,50,75,2020-12-23 00:49:36.556996
99,100,Voltorb,Electric,330,40,30,50,55,55,100,2020-12-23 00:49:36.556996
100,101,Electrode,Electric,490,60,50,70,80,80,150,2020-12-23 00:49:36.556996
101,102,Exeggcute,Grass_Psychic,325,60,40,80,60,45,40,2020-12-23 00:49:36.556996
102,103,Exeggutor,Grass_Psychic,530,95,95,85,125,75,55,2020-12-23 00:49:36.556996
103,104,Cubone,Ground,320,50,50,95,40,50,35,2020-12-23 00:49:36.556996
104,105,Marowak,Ground,425,60,80,110,50,80,45,2020-12-23 00:49:36.556996
105,106,Hitmonlee,Fighting,455,50,120,53,35,110,87,2020-12-23 00:49:36.556996
106,107,Hitmonchan,Fighting,455,50,105,79,35,110,76,2020-12-23 00:49:36.556996
107,108,Lickitung,Normal,385,90,55,75,60,75,30,2020-12-23 00:49:36.556996
108,109,Koffing,Poison,340,40,65,95,60,45,35,2020-12-23 00:49:36.556996
109,110,Weezing,Poison,490,65,90,120,85,70,60,2020-12-23 00:49:36.556996
110,111,Rhyhorn,Ground_Rock,345,80,85,95,30,30,25,2020-12-23 00:49:36.556996
111,112,Rhydon,Ground_Rock,485,105,130,120,45,45,40,2020-12-23 00:49:36.556996
112,113,Chansey,Normal,450,250,5,5,35,105,50,2020-12-23 00:49:36.556996
113,114,Tangela,Grass,435,65,55,115,100,40,60,2020-12-23 00:49:36.556996
114,115,Kangaskhan,Normal,490,105,95,80,40,80,90,2020-12-23 00:49:36.556996
115,116,Horsea,Water,295,30,40,70,70,25,60,2020-12-23 00:49:36.556996
116,117,Seadra,Water,440,55,65,95,95,45,85,2020-12-23 00:49:36.556996
117,118,Goldeen,Water,320,45,67,60,35,50,63,2020-12-23 00:49:36.556996
118,119,Seaking,Water,450,80,92,65,65,80,68,2020-12-23 00:49:36.556996
119,120,Staryu,Water,340,30,45,55,70,55,85,2020-12-23 00:49:36.556996
120,121,Starmie,Water_Psychic,520,60,75,85,100,85,115,2020-12-23 00:49:36.556996
121,122,Mr. Mime,Psychic_Fairy,460,40,45,65,100,120,90,2020-12-23 00:49:36.556996
122,123,Scyther,Bug_Flying,500,70,110,80,55,80,105,2020-12-23 00:49:36.556996
123,124,Jynx,Ice_Psychic,455,65,50,35,115,95,95,2020-12-23 00:49:36.556996
124,125,Electabuzz,Electric,490,65,83,57,95,85,105,2020-12-23 00:49:36.556996
125,126,Magmar,Fire,495,65,95,57,100,85,93,2020-12-23 00:49:36.556996
126,127,Pinsir,Bug,500,65,125,100,55,70,85,2020-12-23 00:49:36.556996
127,128,Tauros,Normal,490,75,100,95,40,70,110,2020-12-23 00:49:36.556996
128,129,Magikarp,Water,200,20,10,55,15,20,80,2020-12-23 00:49:36.556996
129,130,Gyarados,Water_Flying,540,95,125,79,60,100,81,2020-12-23 00:49:36.556996
130,131,Lapras,Water_Ice,535,130,85,80,85,95,60,2020-12-23 00:49:36.556996
131,132,Ditto,Normal,288,48,48,48,48,48,48,2020-12-23 00:49:36.556996
132,133,Eevee,Normal,325,55,55,50,45,65,55,2020-12-23 00:49:36.556996
133,134,Vaporeon,Water,525,130,65,60,110,95,65,2020-12-23 00:49:36.556996
134,135,Jolteon,Electric,525,65,65,60,110,95,130,2020-12-23 00:49:36.556996
135,136,Flareon,Fire,525,65,130,60,95,110,65,2020-12-23 00:49:36.556996
136,137,Porygon,Normal,395,65,60,70,85,75,40,2020-12-23 00:49:36.556996
137,138,Omanyte,Rock_Water,355,35,40,100,90,55,35,2020-12-23 00:49:36.556996
138,139,Omastar,Rock_Water,495,70,60,125,115,70,55,2020-12-23 00:49:36.556996
139,140,Kabuto,Rock_Water,355,30,80,90,55,45,55,2020-12-23 00:49:36.556996
140,141,Kabutops,Rock_Water,495,60,115,105,65,70,80,2020-12-23 00:49:36.556996
141,142,Aerodactyl,Rock_Flying,515,80,105,65,60,75,130,2020-12-23 00:49:36.556996
142,143,Snorlax,Normal,540,160,110,65,65,110,30,2020-12-23 00:49:36.556996
143,144,Articuno,Ice_Flying,580,90,85,100,95,125,85,2020-12-23 00:49:36.556996
144,145,Zapdos,Electric_Flying,580,90,90,85,125,90,100,2020-12-23 00:49:36.556996
145,146,Moltres,Fire_Flying,580,90,100,90,125,85,90,2020-12-23 00:49:36.556996
146,147,Dratini,Dragon,300,41,64,45,50,50,50,2020-12-23 00:49:36.556996
147,148,Dragonair,Dragon,420,61,84,65,70,70,70,2020-12-23 00:49:36.556996
148,149,Dragonite,Dragon_Flying,600,91,134,95,100,100,80,2020-12-23 00:49:36.556996
149,150,Mewtwo,Psychic,680,106,110,90,154,90,130,2020-12-23 00:49:36.556996
150,151,Mew,Psychic,600,100,100,100,100,100,100,2020-12-23 00:49:36.556996
151,152,Chikorita,Grass,318,45,49,65,49,65,45,2020-12-23 00:49:36.556996
152,153,Bayleef,Grass,405,60,62,80,63,80,60,2020-12-23 00:49:36.556996
153,154,Meganium,Grass,525,80,82,100,83,100,80,2020-12-23 00:49:36.556996
154,155,Cyndaquil,Fire,309,39,52,43,60,50,65,2020-12-23 00:49:36.556996
155,156,Quilava,Fire,405,58,64,58,80,65,80,2020-12-23 00:49:36.556996
156,157,Typhlosion,Fire,534,78,84,78,109,85,100,2020-12-23 00:49:36.556996
157,158,Totodile,Water,314,50,65,64,44,48,43,2020-12-23 00:49:36.556996
158,159,Croconaw,Water,405,65,80,80,59,63,58,2020-12-23 00:49:36.556996
159,160,Feraligatr,Water,530,85,105,100,79,83,78,2020-12-23 00:49:36.556996
160,161,Sentret,Normal,215,35,46,34,35,45,20,2020-12-23 00:49:36.556996
161,162,Furret,Normal,415,85,76,64,45,55,90,2020-12-23 00:49:36.556996
162,163,Hoothoot,Normal_Flying,262,60,30,30,36,56,50,2020-12-23 00:49:36.556996
163,164,Noctowl,Normal_Flying,452,100,50,50,86,96,70,2020-12-23 00:49:36.556996
164,165,Ledyba,Bug_Flying,265,40,20,30,40,80,55,2020-12-23 00:49:36.556996
165,166,Ledian,Bug_Flying,390,55,35,50,55,110,85,2020-12-23 00:49:36.556996
166,167,Spinarak,Bug_Poison,250,40,60,40,40,40,30,2020-12-23 00:49:36.556996
167,168,Ariados,Bug_Poison,400,70,90,70,60,70,40,2020-12-23 00:49:36.556996
168,169,Crobat,Poison_Flying,535,85,90,80,70,80,130,2020-12-23 00:49:36.556996
169,170,Chinchou,Water_Electric,330,75,38,38,56,56,67,2020-12-23 00:49:36.556996
170,171,Lanturn,Water_Electric,460,125,58,58,76,76,67,2020-12-23 00:49:36.556996
171,172,Pichu,Electric,205,20,40,15,35,35,60,2020-12-23 00:49:36.556996
172,173,Cleffa,Fairy,218,50,25,28,45,55,15,2020-12-23 00:49:36.556996
173,174,Igglybuff,Normal_Fairy,210,90,30,15,40,20,15,2020-12-23 00:49:36.556996
174,175,Togepi,Fairy,245,35,20,65,40,65,20,2020-12-23 00:49:36.556996
175,176,Togetic,Fairy_Flying,405,55,40,85,80,105,40,2020-12-23 00:49:36.556996
176,177,Natu,Psychic_Flying,320,40,50,45,70,45,70,2020-12-23 00:49:36.556996
177,178,Xatu,Psychic_Flying,470,65,75,70,95,70,95,2020-12-23 00:49:36.556996
178,179,Mareep,Electric,280,55,40,40,65,45,35,2020-12-23 00:49:36.556996
179,180,Flaaffy,Electric,365,70,55,55,80,60,45,2020-12-23 00:49:36.556996
180,181,Ampharos,Electric,510,90,75,85,115,90,55,2020-12-23 00:49:36.556996
181,182,Bellossom,Grass,490,75,80,95,90,100,50,2020-12-23 00:49:36.556996
182,183,Marill,Water_Fairy,250,70,20,50,20,50,40,2020-12-23 00:49:36.556996
183,184,Azumarill,Water_Fairy,420,100,50,80,60,80,50,2020-12-23 00:49:36.556996
184,185,Sudowoodo,Rock,410,70,100,115,30,65,30,2020-12-23 00:49:36.556996
185,186,Politoed,Water,500,90,75,75,90,100,70,2020-12-23 00:49:36.556996
186,187,Hoppip,Grass_Flying,250,35,35,40,35,55,50,2020-12-23 00:49:36.556996
187,188,Skiploom,Grass_Flying,340,55,45,50,45,65,80,2020-12-23 00:49:36.556996
188,189,Jumpluff,Grass_Flying,460,75,55,70,55,95,110,2020-12-23 00:49:36.556996
189,190,Aipom,Normal,360,55,70,55,40,55,85,2020-12-23 00:49:36.556996
190,191,Sunkern,Grass,180,30,30,30,30,30,30,2020-12-23 00:49:36.556996
191,192,Sunflora,Grass,425,75,75,55,105,85,30,2020-12-23 00:49:36.556996
192,193,Yanma,Bug_Flying,390,65,65,45,75,45,95,2020-12-23 00:49:36.556996
193,194,Wooper,Water_Ground,210,55,45,45,25,25,15,2020-12-23 00:49:36.556996
194,195,Quagsire,Water_Ground,430,95,85,85,65,65,35,2020-12-23 00:49:36.556996
195,196,Espeon,Psychic,525,65,65,60,130,95,110,2020-12-23 00:49:36.556996
196,197,Umbreon,Dark,525,95,65,110,60,130,65,2020-12-23 00:49:36.556996
197,198,Murkrow,Dark_Flying,405,60,85,42,85,42,91,2020-12-23 00:49:36.556996
198,199,Slowking,Water_Psychic,490,95,75,80,100,110,30,2020-12-23 00:49:36.556996
199,200,Misdreavus,Ghost,435,60,60,60,85,85,85,2020-12-23 00:49:36.556996
200,201,Unown,Psychic,336,48,72,48,72,48,48,2020-12-23 00:49:36.556996
201,202,Wobbuffet,Psychic,405,190,33,58,33,58,33,2020-12-23 00:49:36.556996
202,203,Girafarig,Normal_Psychic,455,70,80,65,90,65,85,2020-12-23 00:49:36.556996
203,204,Pineco,Bug,290,50,65,90,35,35,15,2020-12-23 00:49:36.556996
204,205,Forretress,Bug_Steel,465,75,90,140,60,60,40,2020-12-23 00:49:36.556996
205,206,Dunsparce,Normal,415,100,70,70,65,65,45,2020-12-23 00:49:36.556996
206,207,Gligar,Ground_Flying,430,65,75,105,35,65,85,2020-12-23 00:49:36.556996
207,208,Steelix,Steel_Ground,510,75,85,200,55,65,30,2020-12-23 00:49:36.556996
208,209,Snubbull,Fairy,300,60,80,50,40,40,30,2020-12-23 00:49:36.556996
209,210,Granbull,Fairy,450,90,120,75,60,60,45,2020-12-23 00:49:36.556996
210,211,Qwilfish,Water_Poison,440,65,95,85,55,55,85,2020-12-23 00:49:36.556996
211,212,Scizor,Bug_Steel,500,70,130,100,55,80,65,2020-12-23 00:49:36.556996
212,213,Shuckle,Bug_Rock,505,20,10,230,10,230,5,2020-12-23 00:49:36.556996
213,214,Heracross,Bug_Fighting,500,80,125,75,40,95,85,2020-12-23 00:49:36.556996
214,215,Sneasel,Dark_Ice,430,55,95,55,35,75,115,2020-12-23 00:49:36.556996
215,216,Teddiursa,Normal,330,60,80,50,50,50,40,2020-12-23 00:49:36.556996
216,217,Ursaring,Normal,500,90,130,75,75,75,55,2020-12-23 00:49:36.556996
217,218,Slugma,Fire,250,40,40,40,70,40,20,2020-12-23 00:49:36.556996
218,219,Magcargo,Fire_Rock,430,60,50,120,90,80,30,2020-12-23 00:49:36.556996
219,220,Swinub,Ice_Ground,250,50,50,40,30,30,50,2020-12-23 00:49:36.556996
220,221,Piloswine,Ice_Ground,450,100,100,80,60,60,50,2020-12-23 00:49:36.556996
221,222,Corsola,Water_Rock,410,65,55,95,65,95,35,2020-12-23 00:49:36.556996
222,223,Remoraid,Water,300,35,65,35,65,35,65,2020-12-23 00:49:36.556996
223,224,Octillery,Water,480,75,105,75,105,75,45,2020-12-23 00:49:36.556996
224,225,Delibird,Ice_Flying,330,45,55,45,65,45,75,2020-12-23 00:49:36.556996
225,226,Mantine,Water_Flying,485,85,40,70,80,140,70,2020-12-23 00:49:36.556996
226,227,Skarmory,Steel_Flying,465,65,80,140,40,70,70,2020-12-23 00:49:36.556996
227,228,Houndour,Dark_Fire,330,45,60,30,80,50,65,2020-12-23 00:49:36.556996
228,229,Houndoom,Dark_Fire,500,75,90,50,110,80,95,2020-12-23 00:49:36.556996
229,230,Kingdra,Water_Dragon,540,75,95,95,95,95,85,2020-12-23 00:49:36.556996
230,231,Phanpy,Ground,330,90,60,60,40,40,40,2020-12-23 00:49:36.556996
231,232,Donphan,Ground,500,90,120,120,60,60,50,2020-12-23 00:49:36.556996
232,233,Porygon2,Normal,515,85,80,90,105,95,60,2020-12-23 00:49:36.556996
233,234,Stantler,Normal,465,73,95,62,85,65,85,2020-12-23 00:49:36.556996
234,235,Smeargle,Normal,250,55,20,35,20,45,75,2020-12-23 00:49:36.556996
235,236,Tyrogue,Fighting,210,35,35,35,35,35,35,2020-12-23 00:49:36.556996
236,237,Hitmontop,Fighting,455,50,95,95,35,110,70,2020-12-23 00:49:36.556996
237,238,Smoochum,Ice_Psychic,305,45,30,15,85,65,65,2020-12-23 00:49:36.556996
238,239,Elekid,Electric,360,45,63,37,65,55,95,2020-12-23 00:49:36.556996
239,240,Magby,Fire,365,45,75,37,70,55,83,2020-12-23 00:49:36.556996
240,241,Miltank,Normal,490,95,80,105,40,70,100,2020-12-23 00:49:36.556996
241,242,Blissey,Normal,540,255,10,10,75,135,55,2020-12-23 00:49:36.556996
242,243,Raikou,Electric,580,90,85,75,115,100,115,2020-12-23 00:49:36.556996
243,244,Entei,Fire,580,115,115,85,90,75,100,2020-12-23 00:49:36.556996
244,245,Suicune,Water,580,100,75,115,90,115,85,2020-12-23 00:49:36.556996
245,246,Larvitar,Rock_Ground,300,50,64,50,45,50,41,2020-12-23 00:49:36.556996
246,247,Pupitar,Rock_Ground,410,70,84,70,65,70,51,2020-12-23 00:49:36.556996
247,248,Tyranitar,Rock_Dark,600,100,134,110,95,100,61,2020-12-23 00:49:36.556996
248,249,Lugia,Psychic_Flying,680,106,90,130,90,154,110,2020-12-23 00:49:36.556996
249,250,Ho-oh,Fire_Flying,680,106,130,90,110,154,90,2020-12-23 00:49:36.556996
250,251,Celebi,Psychic_Grass,600,100,100,100,100,100,100,2020-12-23 00:49:36.556996
251,252,Treecko,Grass,310,40,45,35,65,55,70,2020-12-23 00:49:36.556996
252,253,Grovyle,Grass,405,50,65,45,85,65,95,2020-12-23 00:49:36.556996
253,254,Sceptile,Grass,530,70,85,65,105,85,120,2020-12-23 00:49:36.556996
254,255,Torchic,Fire,310,45,60,40,70,50,45,2020-12-23 00:49:36.556996
255,256,Combusken,Fire_Fighting,405,60,85,60,85,60,55,2020-12-23 00:49:36.556996
256,257,Blaziken,Fire_Fighting,530,80,120,70,110,70,80,2020-12-23 00:49:36.556996
257,258,Mudkip,Water,310,50,70,50,50,50,40,2020-12-23 00:49:36.556996
258,259,Marshtomp,Water_Ground,405,70,85,70,60,70,50,2020-12-23 00:49:36.556996
259,260,Swampert,Water_Ground,535,100,110,90,85,90,60,2020-12-23 00:49:36.556996
260,261,Poochyena,Dark,220,35,55,35,30,30,35,2020-12-23 00:49:36.556996
261,262,Mightyena,Dark,420,70,90,70,60,60,70,2020-12-23 00:49:36.556996
262,263,Zigzagoon,Normal,240,38,30,41,30,41,60,2020-12-23 00:49:36.556996
263,264,Linoone,Normal,420,78,70,61,50,61,100,2020-12-23 00:49:36.556996
264,265,Wurmple,Bug,195,45,45,35,20,30,20,2020-12-23 00:49:36.556996
265,266,Silcoon,Bug,205,50,35,55,25,25,15,2020-12-23 00:49:36.556996
266,267,Beautifly,Bug_Flying,395,60,70,50,100,50,65,2020-12-23 00:49:36.556996
267,268,Cascoon,Bug,205,50,35,55,25,25,15,2020-12-23 00:49:36.556996
268,269,Dustox,Bug_Poison,385,60,50,70,50,90,65,2020-12-23 00:49:36.556996
269,270,Lotad,Water_Grass,220,40,30,30,40,50,30,2020-12-23 00:49:36.556996
270,271,Lombre,Water_Grass,340,60,50,50,60,70,50,2020-12-23 00:49:36.556996
271,272,Ludicolo,Water_Grass,480,80,70,70,90,100,70,2020-12-23 00:49:36.556996
272,273,Seedot,Grass,220,40,40,50,30,30,30,2020-12-23 00:49:36.556996
273,274,Nuzleaf,Grass_Dark,340,70,70,40,60,40,60,2020-12-23 00:49:36.556996
274,275,Shiftry,Grass_Dark,480,90,100,60,90,60,80,2020-12-23 00:49:36.556996
275,276,Taillow,Normal_Flying,270,40,55,30,30,30,85,2020-12-23 00:49:36.556996
276,277,Swellow,Normal_Flying,455,60,85,60,75,50,125,2020-12-23 00:49:36.556996
277,278,Wingull,Water_Flying,270,40,30,30,55,30,85,2020-12-23 00:49:36.556996
278,279,Pelipper,Water_Flying,440,60,50,100,95,70,65,2020-12-23 00:49:36.556996
279,280,Ralts,Psychic_Fairy,198,28,25,25,45,35,40,2020-12-23 00:49:36.556996
280,281,Kirlia,Psychic_Fairy,278,38,35,35,65,55,50,2020-12-23 00:49:36.556996
281,282,Gardevoir,Psychic_Fairy,518,68,65,65,125,115,80,2020-12-23 00:49:36.556996
282,283,Surskit,Bug_Water,269,40,30,32,50,52,65,2020-12-23 00:49:36.556996
283,284,Masquerain,Bug_Flying,454,70,60,62,100,82,80,2020-12-23 00:49:36.556996
284,285,Shroomish,Grass,295,60,40,60,40,60,35,2020-12-23 00:49:36.556996
285,286,Breloom,Grass_Fighting,460,60,130,80,60,60,70,2020-12-23 00:49:36.556996
286,287,Slakoth,Normal,280,60,60,60,35,35,30,2020-12-23 00:49:36.556996
287,288,Vigoroth,Normal,440,80,80,80,55,55,90,2020-12-23 00:49:36.556996
288,289,Slaking,Normal,670,150,160,100,95,65,100,2020-12-23 00:49:36.556996
289,290,Nincada,Bug_Ground,266,31,45,90,30,30,40,2020-12-23 00:49:36.556996
290,291,Ninjask,Bug_Flying,456,61,90,45,50,50,160,2020-12-23 00:49:36.556996
291,292,Shedinja,Bug_Ghost,236,1,90,45,30,30,40,2020-12-23 00:49:36.556996
292,293,Whismur,Normal,240,64,51,23,51,23,28,2020-12-23 00:49:36.556996
293,294,Loudred,Normal,360,84,71,43,71,43,48,2020-12-23 00:49:36.556996
294,295,Exploud,Normal,490,104,91,63,91,73,68,2020-12-23 00:49:36.556996
295,296,Makuhita,Fighting,237,72,60,30,20,30,25,2020-12-23 00:49:36.556996
296,297,Hariyama,Fighting,474,144,120,60,40,60,50,2020-12-23 00:49:36.556996
297,298,Azurill,Normal_Fairy,190,50,20,40,20,40,20,2020-12-23 00:49:36.556996
298,299,Nosepass,Rock,375,30,45,135,45,90,30,2020-12-23 00:49:36.556996
299,300,Skitty,Normal,260,50,45,45,35,35,50,2020-12-23 00:49:36.556996
300,301,Delcatty,Normal,400,70,65,65,55,55,90,2020-12-23 00:49:36.556996
301,302,Sableye,Dark_Ghost,380,50,75,75,65,65,50,2020-12-23 00:49:36.556996
302,303,Mawile,Steel_Fairy,380,50,85,85,55,55,50,2020-12-23 00:49:36.556996
303,304,Aron,Steel_Rock,330,50,70,100,40,40,30,2020-12-23 00:49:36.556996
304,305,Lairon,Steel_Rock,430,60,90,140,50,50,40,2020-12-23 00:49:36.556996
305,306,Aggron,Steel_Rock,530,70,110,180,60,60,50,2020-12-23 00:49:36.556996
306,307,Meditite,Fighting_Psychic,280,30,40,55,40,55,60,2020-12-23 00:49:36.556996
307,308,Medicham,Fighting_Psychic,410,60,60,75,60,75,80,2020-12-23 00:49:36.556996
308,309,Electrike,Electric,295,40,45,40,65,40,65,2020-12-23 00:49:36.556996
309,310,Manectric,Electric,475,70,75,60,105,60,105,2020-12-23 00:49:36.556996
310,311,Plusle,Electric,405,60,50,40,85,75,95,2020-12-23 00:49:36.556996
311,312,Minun,Electric,405,60,40,50,75,85,95,2020-12-23 00:49:36.556996
312,313,Volbeat,Bug,430,65,73,75,47,85,85,2020-12-23 00:49:36.556996
313,314,Illumise,Bug,430,65,47,75,73,85,85,2020-12-23 00:49:36.556996
314,315,Roselia,Grass_Poison,400,50,60,45,100,80,65,2020-12-23 00:49:36.556996
315,316,Gulpin,Poison,302,70,43,53,43,53,40,2020-12-23 00:49:36.556996
316,317,Swalot,Poison,467,100,73,83,73,83,55,2020-12-23 00:49:36.556996
317,318,Carvanha,Water_Dark,305,45,90,20,65,20,65,2020-12-23 00:49:36.556996
318,319,Sharpedo,Water_Dark,460,70,120,40,95,40,95,2020-12-23 00:49:36.556996
319,320,Wailmer,Water,400,130,70,35,70,35,60,2020-12-23 00:49:36.556996
320,321,Wailord,Water,500,170,90,45,90,45,60,2020-12-23 00:49:36.556996
321,322,Numel,Fire_Ground,305,60,60,40,65,45,35,2020-12-23 00:49:36.556996
322,323,Camerupt,Fire_Ground,460,70,100,70,105,75,40,2020-12-23 00:49:36.556996
323,324,Torkoal,Fire,470,70,85,140,85,70,20,2020-12-23 00:49:36.556996
324,325,Spoink,Psychic,330,60,25,35,70,80,60,2020-12-23 00:49:36.556996
325,326,Grumpig,Psychic,470,80,45,65,90,110,80,2020-12-23 00:49:36.556996
326,327,Spinda,Normal,360,60,60,60,60,60,60,2020-12-23 00:49:36.556996
327,328,Trapinch,Ground,290,45,100,45,45,45,10,2020-12-23 00:49:36.556996
328,329,Vibrava,Ground_Dragon,340,50,70,50,50,50,70,2020-12-23 00:49:36.556996
329,330,Flygon,Ground_Dragon,520,80,100,80,80,80,100,2020-12-23 00:49:36.556996
330,331,Cacnea,Grass,335,50,85,40,85,40,35,2020-12-23 00:49:36.556996
331,332,Cacturne,Grass_Dark,475,70,115,60,115,60,55,2020-12-23 00:49:36.556996
332,333,Swablu,Normal_Flying,310,45,40,60,40,75,50,2020-12-23 00:49:36.556996
333,334,Altaria,Dragon_Flying,490,75,70,90,70,105,80,2020-12-23 00:49:36.556996
334,335,Zangoose,Normal,458,73,115,60,60,60,90,2020-12-23 00:49:36.556996
335,336,Seviper,Poison,458,73,100,60,100,60,65,2020-12-23 00:49:36.556996
336,337,Lunatone,Rock_Psychic,460,90,55,65,95,85,70,2020-12-23 00:49:36.556996
337,338,Solrock,Rock_Psychic,460,90,95,85,55,65,70,2020-12-23 00:49:36.556996
338,339,Barboach,Water_Ground,288,50,48,43,46,41,60,2020-12-23 00:49:36.556996
339,340,Whiscash,Water_Ground,468,110,78,73,76,71,60,2020-12-23 00:49:36.556996
340,341,Corphish,Water,308,43,80,65,50,35,35,2020-12-23 00:49:36.556996
341,342,Crawdaunt,Water_Dark,468,63,120,85,90,55,55,2020-12-23 00:49:36.556996
342,343,Baltoy,Ground_Psychic,300,40,40,55,40,70,55,2020-12-23 00:49:36.556996
343,344,Claydol,Ground_Psychic,500,60,70,105,70,120,75,2020-12-23 00:49:36.556996
344,345,Lileep,Rock_Grass,355,66,41,77,61,87,23,2020-12-23 00:49:36.556996
345,346,Cradily,Rock_Grass,495,86,81,97,81,107,43,2020-12-23 00:49:36.556996
346,347,Anorith,Rock_Bug,355,45,95,50,40,50,75,2020-12-23 00:49:36.556996
347,348,Armaldo,Rock_Bug,495,75,125,100,70,80,45,2020-12-23 00:49:36.556996
348,349,Feebas,Water,200,20,15,20,10,55,80,2020-12-23 00:49:36.556996
349,350,Milotic,Water,540,95,60,79,100,125,81,2020-12-23 00:49:36.556996
350,351,Castform,Normal,420,70,70,70,70,70,70,2020-12-23 00:49:36.556996
351,352,Kecleon,Normal,440,60,90,70,60,120,40,2020-12-23 00:49:36.556996
352,353,Shuppet,Ghost,295,44,75,35,63,33,45,2020-12-23 00:49:36.556996
353,354,Banette,Ghost,455,64,115,65,83,63,65,2020-12-23 00:49:36.556996
354,355,Duskull,Ghost,295,20,40,90,30,90,25,2020-12-23 00:49:36.556996
355,356,Dusclops,Ghost,455,40,70,130,60,130,25,2020-12-23 00:49:36.556996
356,357,Tropius,Grass_Flying,460,99,68,83,72,87,51,2020-12-23 00:49:36.556996
357,358,Chimecho,Psychic,455,75,50,80,95,90,65,2020-12-23 00:49:36.556996
358,359,Absol,Dark,465,65,130,60,75,60,75,2020-12-23 00:49:36.556996
359,360,Wynaut,Psychic,260,95,23,48,23,48,23,2020-12-23 00:49:36.556996
360,361,Snorunt,Ice,300,50,50,50,50,50,50,2020-12-23 00:49:36.556996
361,362,Glalie,Ice,480,80,80,80,80,80,80,2020-12-23 00:49:36.556996
362,363,Spheal,Ice_Water,290,70,40,50,55,50,25,2020-12-23 00:49:36.556996
363,364,Sealeo,Ice_Water,410,90,60,70,75,70,45,2020-12-23 00:49:36.556996
364,365,Walrein,Ice_Water,530,110,80,90,95,90,65,2020-12-23 00:49:36.556996
365,366,Clamperl,Water,345,35,64,85,74,55,32,2020-12-23 00:49:36.556996
366,367,Huntail,Water,485,55,104,105,94,75,52,2020-12-23 00:49:36.556996
367,368,Gorebyss,Water,485,55,84,105,114,75,52,2020-12-23 00:49:36.556996
368,369,Relicanth,Water_Rock,485,100,90,130,45,65,55,2020-12-23 00:49:36.556996
369,370,Luvdisc,Water,330,43,30,55,40,65,97,2020-12-23 00:49:36.556996
370,371,Bagon,Dragon,300,45,75,60,40,30,50,2020-12-23 00:49:36.556996
371,372,Shelgon,Dragon,420,65,95,100,60,50,50,2020-12-23 00:49:36.556996
372,373,Salamence,Dragon_Flying,600,95,135,80,110,80,100,2020-12-23 00:49:36.556996
373,374,Beldum,Steel_Psychic,300,40,55,80,35,60,30,2020-12-23 00:49:36.556996
374,375,Metang,Steel_Psychic,420,60,75,100,55,80,50,2020-12-23 00:49:36.556996
375,376,Metagross,Steel_Psychic,600,80,135,130,95,90,70,2020-12-23 00:49:36.556996
376,377,Regirock,Rock,580,80,100,200,50,100,50,2020-12-23 00:49:36.556996
377,378,Regice,Ice,580,80,50,100,100,200,50,2020-12-23 00:49:36.556996
378,379,Registeel,Steel,580,80,75,150,75,150,50,2020-12-23 00:49:36.556996
379,380,Latias,Dragon_Psychic,600,80,80,90,110,130,110,2020-12-23 00:49:36.556996
380,381,Latios,Dragon_Psychic,600,80,90,80,130,110,110,2020-12-23 00:49:36.556996
381,382,Kyogre,Water,670,100,100,90,150,140,90,2020-12-23 00:49:36.556996
382,383,Groudon,Ground,670,100,150,140,100,90,90,2020-12-23 00:49:36.556996
383,384,Rayquaza,Dragon_Flying,680,105,150,90,150,90,95,2020-12-23 00:49:36.556996
384,385,Jirachi,Steel_Psychic,600,100,100,100,100,100,100,2020-12-23 00:49:36.556996
385,386,Deoxys,Psychic,600,50,150,50,150,50,150,2020-12-23 00:49:36.556996
386,387,Turtwig,Grass,318,55,68,64,45,55,31,2020-12-23 00:49:36.556996
387,388,Grotle,Grass,405,75,89,85,55,65,36,2020-12-23 00:49:36.556996
388,389,Torterra,Grass_Ground,525,95,109,105,75,85,56,2020-12-23 00:49:36.556996
389,390,Chimchar,Fire,309,44,58,44,58,44,61,2020-12-23 00:49:36.556996
390,391,Monferno,Fire_Fighting,405,64,78,52,78,52,81,2020-12-23 00:49:36.556996
391,392,Infernape,Fire_Fighting,534,76,104,71,104,71,108,2020-12-23 00:49:36.556996
392,393,Piplup,Water,314,53,51,53,61,56,40,2020-12-23 00:49:36.556996
393,394,Prinplup,Water,405,64,66,68,81,76,50,2020-12-23 00:49:36.556996
394,395,Empoleon,Water_Steel,530,84,86,88,111,101,60,2020-12-23 00:49:36.556996
395,396,Starly,Normal_Flying,245,40,55,30,30,30,60,2020-12-23 00:49:36.556996
396,397,Staravia,Normal_Flying,340,55,75,50,40,40,80,2020-12-23 00:49:36.556996
397,398,Staraptor,Normal_Flying,485,85,120,70,50,60,100,2020-12-23 00:49:36.556996
398,399,Bidoof,Normal,250,59,45,40,35,40,31,2020-12-23 00:49:36.556996
399,400,Bibarel,Normal_Water,410,79,85,60,55,60,71,2020-12-23 00:49:36.556996
400,401,Kricketot,Bug,194,37,25,41,25,41,25,2020-12-23 00:49:36.556996
401,402,Kricketune,Bug,384,77,85,51,55,51,65,2020-12-23 00:49:36.556996
402,403,Shinx,Electric,263,45,65,34,40,34,45,2020-12-23 00:49:36.556996
403,404,Luxio,Electric,363,60,85,49,60,49,60,2020-12-23 00:49:36.556996
404,405,Luxray,Electric,523,80,120,79,95,79,70,2020-12-23 00:49:36.556996
405,406,Budew,Grass_Poison,280,40,30,35,50,70,55,2020-12-23 00:49:36.556996
406,407,Roserade,Grass_Poison,515,60,70,65,125,105,90,2020-12-23 00:49:36.556996
407,408,Cranidos,Rock,350,67,125,40,30,30,58,2020-12-23 00:49:36.556996
408,409,Rampardos,Rock,495,97,165,60,65,50,58,2020-12-23 00:49:36.556996
409,410,Shieldon,Rock_Steel,350,30,42,118,42,88,30,2020-12-23 00:49:36.556996
410,411,Bastiodon,Rock_Steel,495,60,52,168,47,138,30,2020-12-23 00:49:36.556996
411,412,Burmy,Bug,224,40,29,45,29,45,36,2020-12-23 00:49:36.556996
412,413,Wormadam,Bug_Grass,424,60,59,85,79,105,36,2020-12-23 00:49:36.556996
413,414,Mothim,Bug_Flying,424,70,94,50,94,50,66,2020-12-23 00:49:36.556996
414,415,Combee,Bug_Flying,244,30,30,42,30,42,70,2020-12-23 00:49:36.556996
415,416,Vespiquen,Bug_Flying,474,70,80,102,80,102,40,2020-12-23 00:49:36.556996
416,417,Pachirisu,Electric,405,60,45,70,45,90,95,2020-12-23 00:49:36.556996
417,418,Buizel,Water,330,55,65,35,60,30,85,2020-12-23 00:49:36.556996
418,419,Floatzel,Water,495,85,105,55,85,50,115,2020-12-23 00:49:36.556996
419,420,Cherubi,Grass,275,45,35,45,62,53,35,2020-12-23 00:49:36.556996
420,421,Cherrim,Grass,450,70,60,70,87,78,85,2020-12-23 00:49:36.556996
421,422,Shellos,Water,325,76,48,48,57,62,34,2020-12-23 00:49:36.556996
422,423,Gastrodon,Water_Ground,475,111,83,68,92,82,39,2020-12-23 00:49:36.556996
423,424,Ambipom,Normal,482,75,100,66,60,66,115,2020-12-23 00:49:36.556996
424,425,Drifloon,Ghost_Flying,348,90,50,34,60,44,70,2020-12-23 00:49:36.556996
425,426,Drifblim,Ghost_Flying,498,150,80,44,90,54,80,2020-12-23 00:49:36.556996
426,427,Buneary,Normal,350,55,66,44,44,56,85,2020-12-23 00:49:36.556996
427,428,Lopunny,Normal,480,65,76,84,54,96,105,2020-12-23 00:49:36.556996
428,429,Mismagius,Ghost,495,60,60,60,105,105,105,2020-12-23 00:49:36.556996
429,430,Honchkrow,Dark_Flying,505,100,125,52,105,52,71,2020-12-23 00:49:36.556996
430,431,Glameow,Normal,310,49,55,42,42,37,85,2020-12-23 00:49:36.556996
431,432,Purugly,Normal,452,71,82,64,64,59,112,2020-12-23 00:49:36.556996
432,433,Chingling,Psychic,285,45,30,50,65,50,45,2020-12-23 00:49:36.556996
433,434,Stunky,Poison_Dark,329,63,63,47,41,41,74,2020-12-23 00:49:36.556996
434,435,Skuntank,Poison_Dark,479,103,93,67,71,61,84,2020-12-23 00:49:36.556996
435,436,Bronzor,Steel_Psychic,300,57,24,86,24,86,23,2020-12-23 00:49:36.556996
436,437,Bronzong,Steel_Psychic,500,67,89,116,79,116,33,2020-12-23 00:49:36.556996
437,438,Bonsly,Rock,290,50,80,95,10,45,10,2020-12-23 00:49:36.556996
438,439,Mime Jr.,Psychic_Fairy,310,20,25,45,70,90,60,2020-12-23 00:49:36.556996
439,440,Happiny,Normal,220,100,5,5,15,65,30,2020-12-23 00:49:36.556996
440,441,Chatot,Normal_Flying,411,76,65,45,92,42,91,2020-12-23 00:49:36.556996
441,442,Spiritomb,Ghost_Dark,485,50,92,108,92,108,35,2020-12-23 00:49:36.556996
442,443,Gible,Dragon_Ground,300,58,70,45,40,45,42,2020-12-23 00:49:36.556996
443,444,Gabite,Dragon_Ground,410,68,90,65,50,55,82,2020-12-23 00:49:36.556996
444,445,Garchomp,Dragon_Ground,600,108,130,95,80,85,102,2020-12-23 00:49:36.556996
445,446,Munchlax,Normal,390,135,85,40,40,85,5,2020-12-23 00:49:36.556996
446,447,Riolu,Fighting,285,40,70,40,35,40,60,2020-12-23 00:49:36.556996
447,448,Lucario,Fighting_Steel,525,70,110,70,115,70,90,2020-12-23 00:49:36.556996
448,449,Hippopotas,Ground,330,68,72,78,38,42,32,2020-12-23 00:49:36.556996
449,450,Hippowdon,Ground,525,108,112,118,68,72,47,2020-12-23 00:49:36.556996
450,451,Skorupi,Poison_Bug,330,40,50,90,30,55,65,2020-12-23 00:49:36.556996
451,452,Drapion,Poison_Dark,500,70,90,110,60,75,95,2020-12-23 00:49:36.556996
452,453,Croagunk,Poison_Fighting,300,48,61,40,61,40,50,2020-12-23 00:49:36.556996
453,454,Toxicroak,Poison_Fighting,490,83,106,65,86,65,85,2020-12-23 00:49:36.556996
454,455,Carnivine,Grass,454,74,100,72,90,72,46,2020-12-23 00:49:36.556996
455,456,Finneon,Water,330,49,49,56,49,61,66,2020-12-23 00:49:36.556996
456,457,Lumineon,Water,460,69,69,76,69,86,91,2020-12-23 00:49:36.556996
457,458,Mantyke,Water_Flying,345,45,20,50,60,120,50,2020-12-23 00:49:36.556996
458,459,Snover,Grass_Ice,334,60,62,50,62,60,40,2020-12-23 00:49:36.556996
459,460,Abomasnow,Grass_Ice,494,90,92,75,92,85,60,2020-12-23 00:49:36.556996
460,461,Weavile,Dark_Ice,510,70,120,65,45,85,125,2020-12-23 00:49:36.556996
461,462,Magnezone,Electric_Steel,535,70,70,115,130,90,60,2020-12-23 00:49:36.556996
462,463,Lickilicky,Normal,515,110,85,95,80,95,50,2020-12-23 00:49:36.556996
463,464,Rhyperior,Ground_Rock,535,115,140,130,55,55,40,2020-12-23 00:49:36.556996
464,465,Tangrowth,Grass,535,100,100,125,110,50,50,2020-12-23 00:49:36.556996
465,466,Electivire,Electric,540,75,123,67,95,85,95,2020-12-23 00:49:36.556996
466,467,Magmortar,Fire,540,75,95,67,125,95,83,2020-12-23 00:49:36.556996
467,468,Togekiss,Fairy_Flying,545,85,50,95,120,115,80,2020-12-23 00:49:36.556996
468,469,Yanmega,Bug_Flying,515,86,76,86,116,56,95,2020-12-23 00:49:36.556996
469,470,Leafeon,Grass,525,65,110,130,60,65,95,2020-12-23 00:49:36.556996
470,471,Glaceon,Ice,525,65,60,110,130,95,65,2020-12-23 00:49:36.556996
471,472,Gliscor,Ground_Flying,510,75,95,125,45,75,95,2020-12-23 00:49:36.556996
472,473,Mamoswine,Ice_Ground,530,110,130,80,70,60,80,2020-12-23 00:49:36.556996
473,474,Porygon-Z,Normal,535,85,80,70,135,75,90,2020-12-23 00:49:36.556996
474,475,Gallade,Psychic_Fighting,518,68,125,65,65,115,80,2020-12-23 00:49:36.556996
475,476,Probopass,Rock_Steel,525,60,55,145,75,150,40,2020-12-23 00:49:36.556996
476,477,Dusknoir,Ghost,525,45,100,135,65,135,45,2020-12-23 00:49:36.556996
477,478,Froslass,Ice_Ghost,480,70,80,70,80,70,110,2020-12-23 00:49:36.556996
478,479,Rotom,Electric_Ghost,440,50,50,77,95,77,91,2020-12-23 00:49:36.556996
479,480,Uxie,Psychic,580,75,75,130,75,130,95,2020-12-23 00:49:36.556996
480,481,Mesprit,Psychic,580,80,105,105,105,105,80,2020-12-23 00:49:36.556996
481,482,Azelf,Psychic,580,75,125,70,125,70,115,2020-12-23 00:49:36.556996
482,483,Dialga,Steel_Dragon,680,100,120,120,150,100,90,2020-12-23 00:49:36.556996
483,484,Palkia,Water_Dragon,680,90,120,100,150,120,100,2020-12-23 00:49:36.556996
484,485,Heatran,Fire_Steel,600,91,90,106,130,106,77,2020-12-23 00:49:36.556996
485,486,Regigigas,Normal,670,110,160,110,80,110,100,2020-12-23 00:49:36.556996
486,487,Giratina,Ghost_Dragon,680,150,100,120,100,120,90,2020-12-23 00:49:36.556996
487,488,Cresselia,Psychic,600,120,70,120,75,130,85,2020-12-23 00:49:36.556996
488,489,Phione,Water,480,80,80,80,80,80,80,2020-12-23 00:49:36.556996
489,490,Manaphy,Water,600,100,100,100,100,100,100,2020-12-23 00:49:36.556996
490,491,Darkrai,Dark,600,70,90,90,135,90,125,2020-12-23 00:49:36.556996
491,492,Shaymin,Grass,600,100,100,100,100,100,100,2020-12-23 00:49:36.556996
492,493,Arceus,Normal,720,120,120,120,120,120,120,2020-12-23 00:49:36.556996
493,494,Victini,Psychic_Fire,600,100,100,100,100,100,100,2020-12-23 00:49:36.556996
494,495,Snivy,Grass,308,45,45,55,45,55,63,2020-12-23 00:49:36.556996
495,496,Servine,Grass,413,60,60,75,60,75,83,2020-12-23 00:49:36.556996
496,497,Serperior,Grass,528,75,75,95,75,95,113,2020-12-23 00:49:36.556996
497,498,Tepig,Fire,308,65,63,45,45,45,45,2020-12-23 00:49:36.556996
498,499,Pignite,Fire_Fighting,418,90,93,55,70,55,55,2020-12-23 00:49:36.556996
499,500,Emboar,Fire_Fighting,528,110,123,65,100,65,65,2020-12-23 00:49:36.556996
500,501,Oshawott,Water,308,55,55,45,63,45,45,2020-12-23 00:49:36.556996
501,502,Dewott,Water,413,75,75,60,83,60,60,2020-12-23 00:49:36.556996
502,503,Samurott,Water,528,95,100,85,108,70,70,2020-12-23 00:49:36.556996
503,504,Patrat,Normal,255,45,55,39,35,39,42,2020-12-23 00:49:36.556996
504,505,Watchog,Normal,420,60,85,69,60,69,77,2020-12-23 00:49:36.556996
505,506,Lillipup,Normal,275,45,60,45,25,45,55,2020-12-23 00:49:36.556996
506,507,Herdier,Normal,370,65,80,65,35,65,60,2020-12-23 00:49:36.556996
507,508,Stoutland,Normal,500,85,110,90,45,90,80,2020-12-23 00:49:36.556996
508,509,Purrloin,Dark,281,41,50,37,50,37,66,2020-12-23 00:49:36.556996
509,510,Liepard,Dark,446,64,88,50,88,50,106,2020-12-23 00:49:36.556996
510,511,Pansage,Grass,316,50,53,48,53,48,64,2020-12-23 00:49:36.556996
511,512,Simisage,Grass,498,75,98,63,98,63,101,2020-12-23 00:49:36.556996
512,513,Pansear,Fire,316,50,53,48,53,48,64,2020-12-23 00:49:36.556996
513,514,Simisear,Fire,498,75,98,63,98,63,101,2020-12-23 00:49:36.556996
514,515,Panpour,Water,316,50,53,48,53,48,64,2020-12-23 00:49:36.556996
515,516,Simipour,Water,498,75,98,63,98,63,101,2020-12-23 00:49:36.556996
516,517,Munna,Psychic,292,76,25,45,67,55,24,2020-12-23 00:49:36.556996
517,518,Musharna,Psychic,487,116,55,85,107,95,29,2020-12-23 00:49:36.556996
518,519,Pidove,Normal_Flying,264,50,55,50,36,30,43,2020-12-23 00:49:36.556996
519,520,Tranquill,Normal_Flying,358,62,77,62,50,42,65,2020-12-23 00:49:36.556996
520,521,Unfezant,Normal_Flying,488,80,115,80,65,55,93,2020-12-23 00:49:36.556996
521,522,Blitzle,Electric,295,45,60,32,50,32,76,2020-12-23 00:49:36.556996
522,523,Zebstrika,Electric,497,75,100,63,80,63,116,2020-12-23 00:49:36.556996
523,524,Roggenrola,Rock,280,55,75,85,25,25,15,2020-12-23 00:49:36.556996
524,525,Boldore,Rock,390,70,105,105,50,40,20,2020-12-23 00:49:36.556996
525,526,Gigalith,Rock,515,85,135,130,60,80,25,2020-12-23 00:49:36.556996
526,527,Woobat,Psychic_Flying,323,65,45,43,55,43,72,2020-12-23 00:49:36.556996
527,528,Swoobat,Psychic_Flying,425,67,57,55,77,55,114,2020-12-23 00:49:36.556996
528,529,Drilbur,Ground,328,60,85,40,30,45,68,2020-12-23 00:49:36.556996
529,530,Excadrill,Ground_Steel,508,110,135,60,50,65,88,2020-12-23 00:49:36.556996
530,531,Audino,Normal,445,103,60,86,60,86,50,2020-12-23 00:49:36.556996
531,532,Timburr,Fighting,305,75,80,55,25,35,35,2020-12-23 00:49:36.556996
532,533,Gurdurr,Fighting,405,85,105,85,40,50,40,2020-12-23 00:49:36.556996
533,534,Conkeldurr,Fighting,505,105,140,95,55,65,45,2020-12-23 00:49:36.556996
534,535,Tympole,Water,294,50,50,40,50,40,64,2020-12-23 00:49:36.556996
535,536,Palpitoad,Water_Ground,384,75,65,55,65,55,69,2020-12-23 00:49:36.556996
536,537,Seismitoad,Water_Ground,509,105,95,75,85,75,74,2020-12-23 00:49:36.556996
537,538,Throh,Fighting,465,120,100,85,30,85,45,2020-12-23 00:49:36.556996
538,539,Sawk,Fighting,465,75,125,75,30,75,85,2020-12-23 00:49:36.556996
539,540,Sewaddle,Bug_Grass,310,45,53,70,40,60,42,2020-12-23 00:49:36.556996
540,541,Swadloon,Bug_Grass,380,55,63,90,50,80,42,2020-12-23 00:49:36.556996
541,542,Leavanny,Bug_Grass,500,75,103,80,70,80,92,2020-12-23 00:49:36.556996
542,543,Venipede,Bug_Poison,260,30,45,59,30,39,57,2020-12-23 00:49:36.556996
543,544,Whirlipede,Bug_Poison,360,40,55,99,40,79,47,2020-12-23 00:49:36.556996
544,545,Scolipede,Bug_Poison,485,60,100,89,55,69,112,2020-12-23 00:49:36.556996
545,546,Cottonee,Grass_Fairy,280,40,27,60,37,50,66,2020-12-23 00:49:36.556996
546,547,Whimsicott,Grass_Fairy,480,60,67,85,77,75,116,2020-12-23 00:49:36.556996
547,548,Petilil,Grass,280,45,35,50,70,50,30,2020-12-23 00:49:36.556996
548,549,Lilligant,Grass,480,70,60,75,110,75,90,2020-12-23 00:49:36.556996
549,550,Basculin,Water,460,70,92,65,80,55,98,2020-12-23 00:49:36.556996
550,551,Sandile,Ground_Dark,292,50,72,35,35,35,65,2020-12-23 00:49:36.556996
551,552,Krokorok,Ground_Dark,351,60,82,45,45,45,74,2020-12-23 00:49:36.556996
552,553,Krookodile,Ground_Dark,519,95,117,80,65,70,92,2020-12-23 00:49:36.556996
553,554,Darumaka,Fire,315,70,90,45,15,45,50,2020-12-23 00:49:36.556996
554,555,Darmanitan,Fire,480,105,140,55,30,55,95,2020-12-23 00:49:36.556996
555,556,Maractus,Grass,461,75,86,67,106,67,60,2020-12-23 00:49:36.556996
556,557,Dwebble,Bug_Rock,325,50,65,85,35,35,55,2020-12-23 00:49:36.556996
557,558,Crustle,Bug_Rock,485,70,105,125,65,75,45,2020-12-23 00:49:36.556996
558,559,Scraggy,Dark_Fighting,348,50,75,70,35,70,48,2020-12-23 00:49:36.556996
559,560,Scrafty,Dark_Fighting,488,65,90,115,45,115,58,2020-12-23 00:49:36.556996
560,561,Sigilyph,Psychic_Flying,490,72,58,80,103,80,97,2020-12-23 00:49:36.556996
561,562,Yamask,Ghost,303,38,30,85,55,65,30,2020-12-23 00:49:36.556996
562,563,Cofagrigus,Ghost,483,58,50,145,95,105,30,2020-12-23 00:49:36.556996
563,564,Tirtouga,Water_Rock,355,54,78,103,53,45,22,2020-12-23 00:49:36.556996
564,565,Carracosta,Water_Rock,495,74,108,133,83,65,32,2020-12-23 00:49:36.556996
565,566,Archen,Rock_Flying,401,55,112,45,74,45,70,2020-12-23 00:49:36.556996
566,567,Archeops,Rock_Flying,567,75,140,65,112,65,110,2020-12-23 00:49:36.556996
567,568,Trubbish,Poison,329,50,50,62,40,62,65,2020-12-23 00:49:36.556996
568,569,Garbodor,Poison,474,80,95,82,60,82,75,2020-12-23 00:49:36.556996
569,570,Zorua,Dark,330,40,65,40,80,40,65,2020-12-23 00:49:36.556996
570,571,Zoroark,Dark,510,60,105,60,120,60,105,2020-12-23 00:49:36.556996
571,572,Minccino,Normal,300,55,50,40,40,40,75,2020-12-23 00:49:36.556996
572,573,Cinccino,Normal,470,75,95,60,65,60,115,2020-12-23 00:49:36.556996
573,574,Gothita,Psychic,290,45,30,50,55,65,45,2020-12-23 00:49:36.556996
574,575,Gothorita,Psychic,390,60,45,70,75,85,55,2020-12-23 00:49:36.556996
575,576,Gothitelle,Psychic,490,70,55,95,95,110,65,2020-12-23 00:49:36.556996
576,577,Solosis,Psychic,290,45,30,40,105,50,20,2020-12-23 00:49:36.556996
577,578,Duosion,Psychic,370,65,40,50,125,60,30,2020-12-23 00:49:36.556996
578,579,Reuniclus,Psychic,490,110,65,75,125,85,30,2020-12-23 00:49:36.556996
579,580,Ducklett,Water_Flying,305,62,44,50,44,50,55,2020-12-23 00:49:36.556996
580,581,Swanna,Water_Flying,473,75,87,63,87,63,98,2020-12-23 00:49:36.556996
581,582,Vanillite,Ice,305,36,50,50,65,60,44,2020-12-23 00:49:36.556996
582,583,Vanillish,Ice,395,51,65,65,80,75,59,2020-12-23 00:49:36.556996
583,584,Vanilluxe,Ice,535,71,95,85,110,95,79,2020-12-23 00:49:36.556996
584,585,Deerling,Normal_Grass,335,60,60,50,40,50,75,2020-12-23 00:49:36.556996
585,586,Sawsbuck,Normal_Grass,475,80,100,70,60,70,95,2020-12-23 00:49:36.556996
586,587,Emolga,Electric_Flying,428,55,75,60,75,60,103,2020-12-23 00:49:36.556996
587,588,Karrablast,Bug,315,50,75,45,40,45,60,2020-12-23 00:49:36.556996
588,589,Escavalier,Bug_Steel,495,70,135,105,60,105,20,2020-12-23 00:49:36.556996
589,590,Foongus,Grass_Poison,294,69,55,45,55,55,15,2020-12-23 00:49:36.556996
590,591,Amoonguss,Grass_Poison,464,114,85,70,85,80,30,2020-12-23 00:49:36.556996
591,592,Frillish,Water_Ghost,335,55,40,50,65,85,40,2020-12-23 00:49:36.556996
592,593,Jellicent,Water_Ghost,480,100,60,70,85,105,60,2020-12-23 00:49:36.556996
593,594,Alomomola,Water,470,165,75,80,40,45,65,2020-12-23 00:49:36.556996
594,595,Joltik,Bug_Electric,319,50,47,50,57,50,65,2020-12-23 00:49:36.556996
595,596,Galvantula,Bug_Electric,472,70,77,60,97,60,108,2020-12-23 00:49:36.556996
596,597,Ferroseed,Grass_Steel,305,44,50,91,24,86,10,2020-12-23 00:49:36.556996
597,598,Ferrothorn,Grass_Steel,489,74,94,131,54,116,20,2020-12-23 00:49:36.556996
598,599,Klink,Steel,300,40,55,70,45,60,30,2020-12-23 00:49:36.556996
599,600,Klang,Steel,440,60,80,95,70,85,50,2020-12-23 00:49:36.556996
600,601,Klinklang,Steel,520,60,100,115,70,85,90,2020-12-23 00:49:36.556996
601,602,Tynamo,Electric,275,35,55,40,45,40,60,2020-12-23 00:49:36.556996
602,603,Eelektrik,Electric,405,65,85,70,75,70,40,2020-12-23 00:49:36.556996
603,604,Eelektross,Electric,515,85,115,80,105,80,50,2020-12-23 00:49:36.556996
604,605,Elgyem,Psychic,335,55,55,55,85,55,30,2020-12-23 00:49:36.556996
605,606,Beheeyem,Psychic,485,75,75,75,125,95,40,2020-12-23 00:49:36.556996
606,607,Litwick,Ghost_Fire,275,50,30,55,65,55,20,2020-12-23 00:49:36.556996
607,608,Lampent,Ghost_Fire,370,60,40,60,95,60,55,2020-12-23 00:49:36.556996
608,609,Chandelure,Ghost_Fire,520,60,55,90,145,90,80,2020-12-23 00:49:36.556996
609,610,Axew,Dragon,320,46,87,60,30,40,57,2020-12-23 00:49:36.556996
610,611,Fraxure,Dragon,410,66,117,70,40,50,67,2020-12-23 00:49:36.556996
611,612,Haxorus,Dragon,540,76,147,90,60,70,97,2020-12-23 00:49:36.556996
612,613,Cubchoo,Ice,305,55,70,40,60,40,40,2020-12-23 00:49:36.556996
613,614,Beartic,Ice,505,95,130,80,70,80,50,2020-12-23 00:49:36.556996
614,615,Cryogonal,Ice,515,80,50,50,95,135,105,2020-12-23 00:49:36.556996
615,616,Shelmet,Bug,305,50,40,85,40,65,25,2020-12-23 00:49:36.556996
616,617,Accelgor,Bug,495,80,70,40,100,60,145,2020-12-23 00:49:36.556996
617,618,Stunfisk,Ground_Electric,471,109,66,84,81,99,32,2020-12-23 00:49:36.556996
618,619,Mienfoo,Fighting,350,45,85,50,55,50,65,2020-12-23 00:49:36.556996
619,620,Mienshao,Fighting,510,65,125,60,95,60,105,2020-12-23 00:49:36.556996
620,621,Druddigon,Dragon,485,77,120,90,60,90,48,2020-12-23 00:49:36.556996
621,622,Golett,Ground_Ghost,303,59,74,50,35,50,35,2020-12-23 00:49:36.556996
622,623,Golurk,Ground_Ghost,483,89,124,80,55,80,55,2020-12-23 00:49:36.556996
623,624,Pawniard,Dark_Steel,340,45,85,70,40,40,60,2020-12-23 00:49:36.556996
624,625,Bisharp,Dark_Steel,490,65,125,100,60,70,70,2020-12-23 00:49:36.556996
625,626,Bouffalant,Normal,490,95,110,95,40,95,55,2020-12-23 00:49:36.556996
626,627,Rufflet,Normal_Flying,350,70,83,50,37,50,60,2020-12-23 00:49:36.556996
627,628,Braviary,Normal_Flying,510,100,123,75,57,75,80,2020-12-23 00:49:36.556996
628,629,Vullaby,Dark_Flying,370,70,55,75,45,65,60,2020-12-23 00:49:36.556996
629,630,Mandibuzz,Dark_Flying,510,110,65,105,55,95,80,2020-12-23 00:49:36.556996
630,631,Heatmor,Fire,484,85,97,66,105,66,65,2020-12-23 00:49:36.556996
631,632,Durant,Bug_Steel,484,58,109,112,48,48,109,2020-12-23 00:49:36.556996
632,633,Deino,Dark_Dragon,300,52,65,50,45,50,38,2020-12-23 00:49:36.556996
633,634,Zweilous,Dark_Dragon,420,72,85,70,65,70,58,2020-12-23 00:49:36.556996
634,635,Hydreigon,Dark_Dragon,600,92,105,90,125,90,98,2020-12-23 00:49:36.556996
635,636,Larvesta,Bug_Fire,360,55,85,55,50,55,60,2020-12-23 00:49:36.556996
636,637,Volcarona,Bug_Fire,550,85,60,65,135,105,100,2020-12-23 00:49:36.556996
637,638,Cobalion,Steel_Fighting,580,91,90,129,90,72,108,2020-12-23 00:49:36.556996
638,639,Terrakion,Rock_Fighting,580,91,129,90,72,90,108,2020-12-23 00:49:36.556996
639,640,Virizion,Grass_Fighting,580,91,90,72,90,129,108,2020-12-23 00:49:36.556996
640,641,Tornadus,Flying,580,79,115,70,125,80,111,2020-12-23 00:49:36.556996
641,642,Thundurus,Electric_Flying,580,79,115,70,125,80,111,2020-12-23 00:49:36.556996
642,643,Reshiram,Dragon_Fire,680,100,120,100,150,120,90,2020-12-23 00:49:36.556996
643,644,Zekrom,Dragon_Electric,680,100,150,120,120,100,90,2020-12-23 00:49:36.556996
644,645,Landorus,Ground_Flying,600,89,125,90,115,80,101,2020-12-23 00:49:36.556996
645,646,Kyurem,Dragon_Ice,660,125,130,90,130,90,95,2020-12-23 00:49:36.556996
646,647,Keldeo,Water_Fighting,580,91,72,90,129,90,108,2020-12-23 00:49:36.556996
647,648,Meloetta,Normal_Psychic,600,100,77,77,128,128,90,2020-12-23 00:49:36.556996
648,649,Genesect,Bug_Steel,600,71,120,95,120,95,99,2020-12-23 00:49:36.556996
649,650,Chespin,Grass,313,56,61,65,48,45,38,2020-12-23 00:49:36.556996
650,651,Quilladin,Grass,405,61,78,95,56,58,57,2020-12-23 00:49:36.556996
651,652,Chesnaught,Grass_Fighting,530,88,107,122,74,75,64,2020-12-23 00:49:36.556996
652,653,Fennekin,Fire,307,40,45,40,62,60,60,2020-12-23 00:49:36.556996
653,654,Braixen,Fire,409,59,59,58,90,70,73,2020-12-23 00:49:36.556996
654,655,Delphox,Fire_Psychic,534,75,69,72,114,100,104,2020-12-23 00:49:36.556996
655,656,Froakie,Water,314,41,56,40,62,44,71,2020-12-23 00:49:36.556996
656,657,Frogadier,Water,405,54,63,52,83,56,97,2020-12-23 00:49:36.556996
657,658,Greninja,Water_Dark,530,72,95,67,103,71,122,2020-12-23 00:49:36.556996
658,659,Bunnelby,Normal,237,38,36,38,32,36,57,2020-12-23 00:49:36.556996
659,660,Diggersby,Normal_Ground,423,85,56,77,50,77,78,2020-12-23 00:49:36.556996
660,661,Fletchling,Normal_Flying,278,45,50,43,40,38,62,2020-12-23 00:49:36.556996
661,662,Fletchinder,Fire_Flying,382,62,73,55,56,52,84,2020-12-23 00:49:36.556996
662,663,Talonflame,Fire_Flying,499,78,81,71,74,69,126,2020-12-23 00:49:36.556996
663,664,Scatterbug,Bug,200,38,35,40,27,25,35,2020-12-23 00:49:36.556996
664,665,Spewpa,Bug,213,45,22,60,27,30,29,2020-12-23 00:49:36.556996
665,666,Vivillon,Bug_Flying,411,80,52,50,90,50,89,2020-12-23 00:49:36.556996
666,667,Litleo,Fire_Normal,369,62,50,58,73,54,72,2020-12-23 00:49:36.556996
667,668,Pyroar,Fire_Normal,507,86,68,72,109,66,106,2020-12-23 00:49:36.556996
668,669,Flabébé,Fairy,303,44,38,39,61,79,42,2020-12-23 00:49:36.556996
669,670,Floette,Fairy,371,54,45,47,75,98,52,2020-12-23 00:49:36.556996
670,671,Florges,Fairy,552,78,65,68,112,154,75,2020-12-23 00:49:36.556996
671,672,Skiddo,Grass,350,66,65,48,62,57,52,2020-12-23 00:49:36.556996
672,673,Gogoat,Grass,531,123,100,62,97,81,68,2020-12-23 00:49:36.556996
673,674,Pancham,Fighting,348,67,82,62,46,48,43,2020-12-23 00:49:36.556996
674,675,Pangoro,Fighting_Dark,495,95,124,78,69,71,58,2020-12-23 00:49:36.556996
675,676,Furfrou,Normal,472,75,80,60,65,90,102,2020-12-23 00:49:36.556996
676,677,Espurr,Psychic,355,62,48,54,63,60,68,2020-12-23 00:49:36.556996
677,678,Meowstic,Psychic,466,74,48,76,83,81,104,2020-12-23 00:49:36.556996
678,679,Honedge,Steel_Ghost,325,45,80,100,35,37,28,2020-12-23 00:49:36.556996
679,680,Doublade,Steel_Ghost,448,59,110,150,45,49,35,2020-12-23 00:49:36.556996
680,681,Aegislash,Steel_Ghost,500,60,50,140,50,140,60,2020-12-23 00:49:36.556996
681,682,Spritzee,Fairy,341,78,52,60,63,65,23,2020-12-23 00:49:36.556996
682,683,Aromatisse,Fairy,462,101,72,72,99,89,29,2020-12-23 00:49:36.556996
683,684,Swirlix,Fairy,341,62,48,66,59,57,49,2020-12-23 00:49:36.556996
684,685,Slurpuff,Fairy,480,82,80,86,85,75,72,2020-12-23 00:49:36.556996
685,686,Inkay,Dark_Psychic,288,53,54,53,37,46,45,2020-12-23 00:49:36.556996
686,687,Malamar,Dark_Psychic,482,86,92,88,68,75,73,2020-12-23 00:49:36.556996
687,688,Binacle,Rock_Water,306,42,52,67,39,56,50,2020-12-23 00:49:36.556996
688,689,Barbaracle,Rock_Water,500,72,105,115,54,86,68,2020-12-23 00:49:36.556996
689,690,Skrelp,Poison_Water,320,50,60,60,60,60,30,2020-12-23 00:49:36.556996
690,691,Dragalge,Poison_Dragon,494,65,75,90,97,123,44,2020-12-23 00:49:36.556996
691,692,Clauncher,Water,330,50,53,62,58,63,44,2020-12-23 00:49:36.556996
692,693,Clawitzer,Water,500,71,73,88,120,89,59,2020-12-23 00:49:36.556996
693,694,Helioptile,Electric_Normal,289,44,38,33,61,43,70,2020-12-23 00:49:36.556996
694,695,Heliolisk,Electric_Normal,481,62,55,52,109,94,109,2020-12-23 00:49:36.556996
695,696,Tyrunt,Rock_Dragon,362,58,89,77,45,45,48,2020-12-23 00:49:36.556996
696,697,Tyrantrum,Rock_Dragon,521,82,121,119,69,59,71,2020-12-23 00:49:36.556996
697,698,Amaura,Rock_Ice,362,77,59,50,67,63,46,2020-12-23 00:49:36.556996
698,699,Aurorus,Rock_Ice,521,123,77,72,99,92,58,2020-12-23 00:49:36.556996
699,700,Sylveon,Fairy,525,95,65,65,110,130,60,2020-12-23 00:49:36.556996
700,701,Hawlucha,Fighting_Flying,500,78,92,75,74,63,118,2020-12-23 00:49:36.556996
701,702,Dedenne,Electric_Fairy,431,67,58,57,81,67,101,2020-12-23 00:49:36.556996
702,703,Carbink,Rock_Fairy,500,50,50,150,50,150,50,2020-12-23 00:49:36.556996
703,704,Goomy,Dragon,300,45,50,35,55,75,40,2020-12-23 00:49:36.556996
704,705,Sliggoo,Dragon,452,68,75,53,83,113,60,2020-12-23 00:49:36.556996
705,706,Goodra,Dragon,600,90,100,70,110,150,80,2020-12-23 00:49:36.556996
706,707,Klefki,Steel_Fairy,470,57,80,91,80,87,75,2020-12-23 00:49:36.556996
707,708,Phantump,Ghost_Grass,309,43,70,48,50,60,38,2020-12-23 00:49:36.556996
708,709,Trevenant,Ghost_Grass,474,85,110,76,65,82,56,2020-12-23 00:49:36.556996
709,710,Pumpkaboo,Ghost_Grass,335,49,66,70,44,55,51,2020-12-23 00:49:36.556996
710,711,Gourgeist,Ghost_Grass,494,65,90,122,58,75,84,2020-12-23 00:49:36.556996
711,712,Bergmite,Ice,304,55,69,85,32,35,28,2020-12-23 00:49:36.556996
712,713,Avalugg,Ice,514,95,117,184,44,46,28,2020-12-23 00:49:36.556996
713,714,Noibat,Flying_Dragon,245,40,30,35,45,40,55,2020-12-23 00:49:36.556996
714,715,Noivern,Flying_Dragon,535,85,70,80,97,80,123,2020-12-23 00:49:36.556996
715,716,Xerneas,Fairy,680,126,131,95,131,98,99,2020-12-23 00:49:36.556996
716,717,Yveltal,Dark_Flying,680,126,131,95,131,98,99,2020-12-23 00:49:36.556996
717,718,Zygarde,Dragon_Ground,600,108,100,121,81,95,95,2020-12-23 00:49:36.556996
718,719,Diancie,Rock_Fairy,600,50,100,150,100,150,50,2020-12-23 00:49:36.556996
719,720,Hoopa,Psychic_Ghost,600,80,110,60,150,130,70,2020-12-23 00:49:36.556996
720,721,Volcanion,Fire_Water,600,80,110,120,130,90,70,2020-12-23 00:49:36.556996
721,722,Rowlet,Grass_Flying,320,68,55,55,50,50,42,2020-12-23 00:49:36.556996
722,723,Dartrix,Grass_Flying,420,78,75,75,70,70,52,2020-12-23 00:49:36.556996
723,724,Decidueye,Grass_Ghost,530,78,107,75,100,100,70,2020-12-23 00:49:36.556996
724,725,Litten,Fire,320,45,65,40,60,40,70,2020-12-23 00:49:36.556996
725,726,Torracat,Fire,420,65,85,50,80,50,90,2020-12-23 00:49:36.556996
726,727,Incineroar,Fire_Dark,530,95,115,90,80,90,60,2020-12-23 00:49:36.556996
727,728,Popplio,Water,320,50,54,54,66,56,40,2020-12-23 00:49:36.556996
728,729,Brionne,Water,420,60,69,69,91,81,50,2020-12-23 00:49:36.556996
729,730,Primarina,Water_Fairy,530,80,74,74,126,116,60,2020-12-23 00:49:36.556996
730,731,Pikipek,Normal_Flying,265,35,75,30,30,30,65,2020-12-23 00:49:36.556996
731,732,Trumbeak,Normal_Flying,355,55,85,50,40,50,75,2020-12-23 00:49:36.556996
732,733,Toucannon,Normal_Flying,485,80,120,75,75,75,60,2020-12-23 00:49:36.556996
733,734,Yungoos,Normal,253,48,70,30,30,30,45,2020-12-23 00:49:36.556996
734,735,Gumshoos,Normal,418,88,110,60,55,60,45,2020-12-23 00:49:36.556996
735,736,Grubbin,Bug,300,47,62,45,55,45,46,2020-12-23 00:49:36.556996
736,737,Charjabug,Bug_Electric,400,57,82,95,55,75,36,2020-12-23 00:49:36.556996
737,738,Vikavolt,Bug_Electric,500,77,70,90,145,75,43,2020-12-23 00:49:36.556996
738,739,Crabrawler,Fighting,338,47,82,57,42,47,63,2020-12-23 00:49:36.556996
739,740,Crabominable,Fighting_Ice,478,97,132,77,62,67,43,2020-12-23 00:49:36.556996
740,741,Oricorio,Fire_Flying,476,75,70,70,98,70,93,2020-12-23 00:49:36.556996
741,742,Cutiefly,Bug_Fairy,304,40,45,40,55,40,84,2020-12-23 00:49:36.556996
742,743,Ribombee,Bug_Fairy,464,60,55,60,95,70,124,2020-12-23 00:49:36.556996
743,744,Rockruff,Rock,280,45,65,40,30,40,60,2020-12-23 00:49:36.556996
744,745,Lycanroc,Rock,487,75,115,65,55,65,112,2020-12-23 00:49:36.556996
745,746,Wishiwashi,Water,175,45,20,20,25,25,40,2020-12-23 00:49:36.556996
746,747,Mareanie,Poison_Water,305,50,53,62,43,52,45,2020-12-23 00:49:36.556996
747,748,Toxapex,Poison_Water,495,50,63,152,53,142,35,2020-12-23 00:49:36.556996
748,749,Mudbray,Ground,385,70,100,70,45,55,45,2020-12-23 00:49:36.556996
749,750,Mudsdale,Ground,500,100,125,100,55,85,35,2020-12-23 00:49:36.556996
750,751,Dewpider,Water_Bug,269,38,40,52,40,72,27,2020-12-23 00:49:36.556996
751,752,Araquanid,Water_Bug,454,68,70,92,50,132,42,2020-12-23 00:49:36.556996
752,753,Fomantis,Grass,250,40,55,35,50,35,35,2020-12-23 00:49:36.556996
753,754,Lurantis,Grass,480,70,105,90,80,90,45,2020-12-23 00:49:36.556996
754,755,Morelull,Grass_Fairy,285,40,35,55,65,75,15,2020-12-23 00:49:36.556996
755,756,Shiinotic,Grass_Fairy,405,60,45,80,90,100,30,2020-12-23 00:49:36.556996
756,757,Salandit,Poison_Fire,320,48,44,40,71,40,77,2020-12-23 00:49:36.556996
757,758,Salazzle,Poison_Fire,480,68,64,60,111,60,117,2020-12-23 00:49:36.556996
758,759,Stufful,Normal_Fighting,340,70,75,50,45,50,50,2020-12-23 00:49:36.556996
759,760,Bewear,Normal_Fighting,500,120,125,80,55,60,60,2020-12-23 00:49:36.556996
760,761,Bounsweet,Grass,210,42,30,38,30,38,32,2020-12-23 00:49:36.556996
761,762,Steenee,Grass,290,52,40,48,40,48,62,2020-12-23 00:49:36.556996
762,763,Tsareena,Grass,510,72,120,98,50,98,72,2020-12-23 00:49:36.556996
763,764,Comfey,Fairy,485,51,52,90,82,110,100,2020-12-23 00:49:36.556996
764,765,Oranguru,Normal_Psychic,490,90,60,80,90,110,60,2020-12-23 00:49:36.556996
765,766,Passimian,Fighting,490,100,120,90,40,60,80,2020-12-23 00:49:36.556996
766,767,Wimpod,Bug_Water,230,25,35,40,20,30,80,2020-12-23 00:49:36.556996
767,768,Golisopod,Bug_Water,530,75,125,140,60,90,40,2020-12-23 00:49:36.556996
768,769,Sandygast,Ghost_Ground,320,55,55,80,70,45,15,2020-12-23 00:49:36.556996
769,770,Palossand,Ghost_Ground,480,85,75,110,100,75,35,2020-12-23 00:49:36.556996
770,771,Pyukumuku,Water,410,55,60,130,30,130,5,2020-12-23 00:49:36.556996
771,772,Type: Null,Normal,534,95,95,95,95,95,59,2020-12-23 00:49:36.556996
772,773,Silvally,Normal,570,95,95,95,95,95,95,2020-12-23 00:49:36.556996
773,774,Minior,Rock_Flying,440,60,60,100,60,100,60,2020-12-23 00:49:36.556996
774,775,Komala,Normal,480,65,115,65,75,95,65,2020-12-23 00:49:36.556996
775,776,Turtonator,Fire_Dragon,485,60,78,135,91,85,36,2020-12-23 00:49:36.556996
776,777,Togedemaru,Electric_Steel,435,65,98,63,40,73,96,2020-12-23 00:49:36.556996
777,778,Mimikyu,Ghost_Fairy,476,55,90,80,50,105,96,2020-12-23 00:49:36.556996
778,779,Bruxish,Water_Psychic,475,68,105,70,70,70,92,2020-12-23 00:49:36.556996
779,780,Drampa,Normal_Dragon,485,78,60,85,135,91,36,2020-12-23 00:49:36.556996
780,781,Dhelmise,Ghost_Grass,517,70,131,100,86,90,40,2020-12-23 00:49:36.556996
781,782,Jangmo-o,Dragon,300,45,55,65,45,45,45,2020-12-23 00:49:36.556996
782,783,Hakamo-o,Dragon_Fighting,420,55,75,90,65,70,65,2020-12-23 00:49:36.556996
783,784,Kommo-o,Dragon_Fighting,600,75,110,125,100,105,85,2020-12-23 00:49:36.556996
784,785,Tapu Koko,Electric_Fairy,570,70,115,85,95,75,130,2020-12-23 00:49:36.556996
785,786,Tapu Lele,Psychic_Fairy,570,70,85,75,130,115,95,2020-12-23 00:49:36.556996
786,787,Tapu Bulu,Grass_Fairy,570,70,130,115,85,95,75,2020-12-23 00:49:36.556996
787,788,Tapu Fini,Water_Fairy,570,70,75,115,95,130,85,2020-12-23 00:49:36.556996
788,789,Cosmog,Psychic,200,43,29,31,29,31,37,2020-12-23 00:49:36.556996
789,790,Cosmoem,Psychic,400,43,29,131,29,131,37,2020-12-23 00:49:36.556996
790,791,Solgaleo,Psychic_Steel,680,137,137,107,113,89,97,2020-12-23 00:49:36.556996
791,792,Lunala,Psychic_Ghost,680,137,113,89,137,107,97,2020-12-23 00:49:36.556996
792,793,Nihilego,Rock_Poison,570,109,53,47,127,131,103,2020-12-23 00:49:36.556996
793,794,Buzzwole,Bug_Fighting,570,107,139,139,53,53,79,2020-12-23 00:49:36.556996
794,795,Pheromosa,Bug_Fighting,570,71,137,37,137,37,151,2020-12-23 00:49:36.556996
795,796,Xurkitree,Electric,570,83,89,71,173,71,83,2020-12-23 00:49:36.556996
796,797,Celesteela,Steel_Flying,570,97,101,103,107,101,61,2020-12-23 00:49:36.556996
797,798,Kartana,Grass_Steel,570,59,181,131,59,31,109,2020-12-23 00:49:36.556996
798,799,Guzzlord,Dark_Dragon,570,223,101,53,97,53,43,2020-12-23 00:49:36.556996
799,800,Necrozma,Psychic,600,97,107,101,127,89,79,2020-12-23 00:49:36.556996
800,801,Magearna,Steel_Fairy,600,80,95,115,130,115,65,2020-12-23 00:49:36.556996
801,802,Marshadow,Fighting_Ghost,600,90,125,80,90,90,125,2020-12-23 00:49:36.556996
802,803,Poipole,Poison,420,67,73,67,73,67,73,2020-12-23 00:49:36.556996
803,804,Naganadel,Poison_Dragon,540,73,73,73,127,73,121,2020-12-23 00:49:36.556996
804,805,Stakataka,Rock_Steel,570,61,131,211,53,101,13,2020-12-23 00:49:36.556996
805,806,Blacephalon,Fire_Ghost,570,53,127,53,151,79,107,2020-12-23 00:49:36.556996
806,807,Zeraora,Electric,600,88,112,75,102,80,143,2020-12-23 00:49:36.556996
807,808,Meltan,Steel,300,46,65,65,55,35,34,2020-12-23 00:49:36.556996
808,809,Melmetal,Steel,600,135,143,143,80,65,34,2020-12-23 00:49:36.556996
809,810,Grookey,Grass,310,50,65,50,40,40,65,2020-12-23 00:49:36.556996
810,811,Thwackey,Grass,420,70,85,70,55,60,80,2020-12-23 00:49:36.556996
811,812,Rillaboom,Grass,530,100,125,90,60,70,85,2020-12-23 00:49:36.556996
812,813,Scorbunny,Fire,310,50,71,40,40,40,69,2020-12-23 00:49:36.556996
813,814,Raboot,Fire,420,65,86,60,55,60,94,2020-12-23 00:49:36.556996
814,815,Cinderace,Fire,530,80,116,75,65,75,119,2020-12-23 00:49:36.556996
815,816,Sobble,Water,310,50,40,40,70,40,70,2020-12-23 00:49:36.556996
816,817,Drizzile,Water,420,65,60,55,95,55,90,2020-12-23 00:49:36.556996
817,818,Inteleon,Water,530,70,85,65,125,65,120,2020-12-23 00:49:36.556996
818,819,Skwovet,Normal,275,70,55,55,35,35,25,2020-12-23 00:49:36.556996
819,820,Greedent,Normal,460,120,95,95,55,75,20,2020-12-23 00:49:36.556996
820,821,Rookidee,Flying,245,38,47,35,33,35,57,2020-12-23 00:49:36.556996
821,822,Corvisquire,Flying,365,68,67,55,43,55,77,2020-12-23 00:49:36.556996
822,823,Corviknight,Flying_Steel,495,98,87,105,53,85,67,2020-12-23 00:49:36.556996
823,824,Blipbug,Bug,180,25,20,20,25,45,45,2020-12-23 00:49:36.556996
824,825,Dottler,Bug_Psychic,335,50,35,80,50,90,30,2020-12-23 00:49:36.556996
825,826,Orbeetle,Bug_Psychic,505,60,45,110,80,120,90,2020-12-23 00:49:36.556996
826,827,Nickit,Dark,245,40,28,28,47,52,50,2020-12-23 00:49:36.556996
827,828,Thievul,Dark,455,70,58,58,87,92,90,2020-12-23 00:49:36.556996
828,829,Gossifleur,Grass,250,40,40,60,40,60,10,2020-12-23 00:49:36.556996
829,830,Eldegoss,Grass,460,60,50,90,80,120,60,2020-12-23 00:49:36.556996
830,831,Wooloo,Normal,270,42,40,55,40,45,48,2020-12-23 00:49:36.556996
831,832,Dubwool,Normal,490,72,80,100,60,90,88,2020-12-23 00:49:36.556996
832,833,Chewtle,Water,284,50,64,50,38,38,44,2020-12-23 00:49:36.556996
833,834,Drednaw,Water_Rock,485,90,115,90,48,68,74,2020-12-23 00:49:36.556996
834,835,Yamper,Electric,270,59,45,50,40,50,26,2020-12-23 00:49:36.556996
835,836,Boltund,Electric,490,69,90,60,90,60,121,2020-12-23 00:49:36.556996
836,837,Rolycoly,Rock,240,30,40,50,40,50,30,2020-12-23 00:49:36.556996
837,838,Carkol,Rock_Fire,410,80,60,90,60,70,50,2020-12-23 00:49:36.556996
838,839,Coalossal,Rock_Fire,510,110,80,120,80,90,30,2020-12-23 00:49:36.556996
839,840,Applin,Grass_Dragon,260,40,40,80,40,40,20,2020-12-23 00:49:36.556996
840,841,Flapple,Grass_Dragon,485,70,110,80,95,60,70,2020-12-23 00:49:36.556996
841,842,Appletun,Grass_Dragon,485,110,85,80,100,80,30,2020-12-23 00:49:36.556996
842,843,Silicobra,Ground,315,52,57,75,35,50,46,2020-12-23 00:49:36.556996
843,844,Sandaconda,Ground,510,72,107,125,65,70,71,2020-12-23 00:49:36.556996
844,845,Cramorant,Flying_Water,475,70,85,55,85,95,85,2020-12-23 00:49:36.556996
845,846,Arrokuda,Water,280,41,63,40,40,30,66,2020-12-23 00:49:36.556996
846,847,Barraskewda,Water,490,61,123,60,60,50,136,2020-12-23 00:49:36.556996
847,848,Toxel,Electric_Poison,242,40,38,35,54,35,40,2020-12-23 00:49:36.556996
848,849,Toxtricity,Electric_Poison,502,75,98,70,114,70,75,2020-12-23 00:49:36.556996
849,850,Sizzlipede,Fire_Bug,305,50,65,45,50,50,45,2020-12-23 00:49:36.556996
850,851,Centiskorch,Fire_Bug,525,100,115,65,90,90,65,2020-12-23 00:49:36.556996
851,852,Clobbopus,Fighting,310,50,68,60,50,50,32,2020-12-23 00:49:36.556996
852,853,Grapploct,Fighting,480,80,118,90,70,80,42,2020-12-23 00:49:36.556996
853,854,Sinistea,Ghost,308,40,45,45,74,54,50,2020-12-23 00:49:36.556996
854,855,Polteageist,Ghost,508,60,65,65,134,114,70,2020-12-23 00:49:36.556996
855,856,Hatenna,Psychic,265,42,30,45,56,53,39,2020-12-23 00:49:36.556996
856,857,Hattrem,Psychic,370,57,40,65,86,73,49,2020-12-23 00:49:36.556996
857,858,Hatterene,Psychic_Fairy,510,57,90,95,136,103,29,2020-12-23 00:49:36.556996
858,859,Impidimp,Dark_Fairy,265,45,45,30,55,40,50,2020-12-23 00:49:36.556996
859,860,Morgrem,Dark_Fairy,370,65,60,45,75,55,70,2020-12-23 00:49:36.556996
860,861,Grimmsnarl,Dark_Fairy,510,95,120,65,95,75,60,2020-12-23 00:49:36.556996
861,862,Obstagoon,Dark_Normal,520,93,90,101,60,81,95,2020-12-23 00:49:36.556996
862,863,Perrserker,Steel,440,70,110,100,50,60,50,2020-12-23 00:49:36.556996
863,864,Cursola,Ghost,510,60,95,50,145,130,30,2020-12-23 00:49:36.556996
864,865,Sirfetch'd,Fighting,507,62,135,95,68,82,65,2020-12-23 00:49:36.556996
865,866,Mr. Rime,Psychic_Ice,520,80,85,75,110,100,70,2020-12-23 00:49:36.556996
866,867,Runerigus,Ground_Ghost,483,58,95,145,50,105,30,2020-12-23 00:49:36.556996
867,868,Milcery,Fairy,270,45,40,40,50,61,34,2020-12-23 00:49:36.556996
868,869,Alcremie,Fairy,495,65,60,75,110,121,64,2020-12-23 00:49:36.556996
869,870,Falinks,Fighting,470,65,100,100,70,60,75,2020-12-23 00:49:36.556996
870,871,Pincurchin,Electric,435,48,101,95,91,85,15,2020-12-23 00:49:36.556996
871,872,Snom,Ice_Bug,185,30,25,35,45,30,20,2020-12-23 00:49:36.556996
872,873,Frosmoth,Ice_Bug,475,70,65,60,125,90,65,2020-12-23 00:49:36.556996
873,874,Stonjourner,Rock,470,100,125,135,20,20,70,2020-12-23 00:49:36.556996
874,875,Eiscue,Ice,470,75,80,110,65,90,50,2020-12-23 00:49:36.556996
875,876,Indeedee,Psychic_Normal,475,60,65,55,105,95,95,2020-12-23 00:49:36.556996
876,877,Morpeko,Electric_Dark,436,58,95,58,70,58,97,2020-12-23 00:49:36.556996
877,878,Cufant,Steel,330,72,80,49,40,49,40,2020-12-23 00:49:36.556996
878,879,Copperajah,Steel,500,122,130,69,80,69,30,2020-12-23 00:49:36.556996
879,880,Dracozolt,Electric_Dragon,505,90,100,90,80,70,75,2020-12-23 00:49:36.556996
880,881,Arctozolt,Electric_Ice,505,90,100,90,90,80,55,2020-12-23 00:49:36.556996
881,882,Dracovish,Water_Dragon,505,90,90,100,70,80,75,2020-12-23 00:49:36.556996
882,883,Arctovish,Water_Ice,505,90,90,100,80,90,55,2020-12-23 00:49:36.556996
883,884,Duraludon,Steel_Dragon,535,70,95,115,120,50,85,2020-12-23 00:49:36.556996
884,885,Dreepy,Dragon_Ghost,270,28,60,30,40,30,82,2020-12-23 00:49:36.556996
885,886,Drakloak,Dragon_Ghost,410,68,80,50,60,50,102,2020-12-23 00:49:36.556996
886,887,Dragapult,Dragon_Ghost,600,88,120,75,100,75,142,2020-12-23 00:49:36.556996
887,888,Zacian,Fairy_Steel,720,92,170,115,80,115,148,2020-12-23 00:49:36.556996
888,889,Zamazenta,Fighting_Steel,720,92,130,145,80,145,128,2020-12-23 00:49:36.556996
889,890,Eternatus,Poison_Dragon,690,140,85,95,145,95,130,2020-12-23 00:49:36.556996
890,891,Kubfu,Fighting,385,60,90,60,53,50,72,2020-12-23 00:49:36.556996
891,892,Urshifu,Fighting_Dark,550,100,130,100,63,60,97,2020-12-23 00:49:36.556996
892,893,Zarude,Dark_Grass,600,105,120,105,70,95,105,2020-12-23 00:49:36.556996
893,894,Regieleki,Electric,580,80,100,50,100,50,200,2020-12-23 00:49:36.556996
894,895,Regidrago,Dragon,580,200,100,50,100,50,80,2020-12-23 00:49:36.556996
895,896,Glastrier,Ice,580,100,145,130,65,110,30,2020-12-23 00:49:36.556996
896,897,Spectrier,Ghost,580,100,65,60,145,80,130,2020-12-23 00:49:36.556996
897,898,Calyrex,Psychic_Grass,500,100,80,80,80,80,80,2020-12-23 00:49:36.556996
